unitid,name,city,state,control,Institutional Classification,Student Access and Earnings Classification,Research Activity Designation,Award Level Focus,Academic Mix,Graduate Academic Program Mix,Size,Campus Setting,Highest Degree Awarded,Community Engagement,Leadership for Public Practice,"187 results for  all categories"
131159,"American University","Washington","DC","Private not-for-profit","Mixed Undergraduate/Graduate-Doctorate Medium","Lower Access, Higher Earnings","Research 1: Very High Research Spending and Doctorate Production","Undergraduate/Graduate-Doctorate","Mixed","Professions-focused","Medium","Highly residential","Doctorate","N/A","N/A"
104151,"Arizona State University Campus Immersion","Tempe","AZ","Public","Mixed Undergraduate/Graduate-Doctorate Large","Opportunity Colleges and Universities-Higher Access, Higher Earnings","Research 1: Very High Research Spending and Doctorate Production","Undergraduate/Graduate-Doctorate","Mixed","Professions-focused","Very Large","Residential","Doctorate","Classified","Classified"
100858,"Auburn University","Auburn","AL","Public","Professions-focused Undergraduate/Graduate-Doctorate Large","Lower Access, Higher Earnings","Research 1: Very High Research Spending and Doctorate Production","Undergraduate/Graduate-Doctorate","Professions-focused","Professions-focused","Large","Residential","Doctorate","Classified","N/A"
223223,"Baylor College of Medicine","Houston","TX","Private not-for-profit","Special Focus: Medical Schools and Centers","Not Classified","Research 1: Very High Research Spending and Doctorate Production","Graduate-focused","Special Focus: Medical Schools and Centers","Special Focus: Medical Schools and Centers","Small","Graduate-focused","Doctorate","N/A","N/A"
223232,"Baylor University","Waco","TX","Private not-for-profit","Professions-focused Undergraduate/Graduate-Doctorate Large","Lower Access, Higher Earnings","Research 1: Very High Research Spending and Doctorate Production","Undergraduate/Graduate-Doctorate","Professions-focused","Professions-focused","Large","Primarily residential","Doctorate","N/A","N/A"
196079,"Binghamton University","Vestal","NY","Public","Mixed Undergraduate/Graduate-Doctorate Large","Lower Access, Higher Earnings","Research 1: Very High Research Spending and Doctorate Production","Undergraduate/Graduate-Doctorate","Mixed","Professions-focused","Large","Primarily residential","Doctorate","N/A","N/A"
164924,"Boston College","Chestnut Hill","MA","Private not-for-profit","Mixed Undergraduate/Graduate-Doctorate Medium","Lower Access, Higher Earnings","Research 1: Very High Research Spending and Doctorate Production","Undergraduate/Graduate-Doctorate","Mixed","Professions-focused","Medium","Highly residential","Doctorate","N/A","N/A"
164988,"Boston University","Boston","MA","Private not-for-profit","Mixed Undergraduate/Graduate-Doctorate Large","Lower Access, Higher Earnings","Research 1: Very High Research Spending and Doctorate Production","Undergraduate/Graduate-Doctorate","Mixed","Professions-focused","Very Large","Highly residential","Doctorate","N/A","N/A"
165015,"Brandeis University","Waltham","MA","Private not-for-profit","Mixed Undergraduate/Graduate-Doctorate Medium","Lower Access, Higher Earnings","Research 1: Very High Research Spending and Doctorate Production","Undergraduate/Graduate-Doctorate","Mixed","Mixed","Medium","Highly residential","Doctorate","N/A","N/A"
230038,"Brigham Young University","Provo","UT","Private not-for-profit","Mixed Undergraduate/Graduate-Doctorate Large","Lower Access, Higher Earnings","Research 1: Very High Research Spending and Doctorate Production","Undergraduate/Graduate-Doctorate","Mixed","Professions-focused","Very Large","Residential","Doctorate","N/A","N/A"
217156,"Brown University","Providence","RI","Private not-for-profit","Mixed Undergraduate/Graduate-Doctorate Medium","Lower Access, Higher Earnings","Research 1: Very High Research Spending and Doctorate Production","Undergraduate/Graduate-Doctorate","Mixed","Mixed","Medium","Highly residential","Doctorate","Classified","N/A"
110404,"California Institute of Technology","Pasadena","CA","Private not-for-profit","Special Focus: Technology, Engineering, and Sciences","Lower Access, Higher Earnings","Research 1: Very High Research Spending and Doctorate Production","Undergraduate/Graduate-Doctorate","Special Focus: Technology, Engineering, and Sciences","Special Focus: Technology, Engineering, and Sciences","Small","Highly residential","Doctorate","N/A","N/A"
211440,"Carnegie Mellon University","Pittsburgh","PA","Private not-for-profit","Special Focus: Technology, Engineering, and Sciences","Lower Access, Higher Earnings","Research 1: Very High Research Spending and Doctorate Production","Undergraduate/Graduate-Doctorate","Special Focus: Technology, Engineering, and Sciences","Special Focus: Technology, Engineering, and Sciences","Medium","Highly residential","Doctorate","N/A","N/A"
201645,"Case Western Reserve University","Cleveland","OH","Private not-for-profit","Mixed Undergraduate/Graduate-Doctorate Medium","Lower Access, Higher Earnings","Research 1: Very High Research Spending and Doctorate Production","Undergraduate/Graduate-Doctorate","Mixed","Professions-focused","Medium","Highly residential","Doctorate","N/A","N/A"
217882,"Clemson University","Clemson","SC","Public","Mixed Undergraduate/Graduate-Doctorate Large","Lower Access, Higher Earnings","Research 1: Very High Research Spending and Doctorate Production","Undergraduate/Graduate-Doctorate","Mixed","Professions-focused","Large","Primarily residential","Doctorate","Classified","N/A"
126775,"Colorado School of Mines","Golden","CO","Public","Special Focus: Technology, Engineering, and Sciences","Lower Access, Higher Earnings","Research 1: Very High Research Spending and Doctorate Production","Undergraduate/Graduate-Doctorate","Special Focus: Technology, Engineering, and Sciences","Special Focus: Technology, Engineering, and Sciences","Medium","Primarily residential","Doctorate","N/A","N/A"
126818,"Colorado State University-Fort Collins","Fort Collins","CO","Public","Mixed Undergraduate/Graduate-Doctorate Large","Lower Access, Medium Earnings","Research 1: Very High Research Spending and Doctorate Production","Undergraduate/Graduate-Doctorate","Mixed","Professions-focused","Large","Primarily residential","Doctorate","Classified","N/A"
190150,"Columbia University in the City of New York","New York","NY","Private not-for-profit","Mixed Undergraduate/Graduate-Doctorate Large","Lower Access, Higher Earnings","Research 1: Very High Research Spending and Doctorate Production","Undergraduate/Graduate-Doctorate","Mixed","Professions-focused","Large","Highly residential","Doctorate","N/A","N/A"
190415,"Cornell University","Ithaca","NY","Private not-for-profit","Mixed Undergraduate/Graduate-Doctorate Large","Lower Access, Higher Earnings","Research 1: Very High Research Spending and Doctorate Production","Undergraduate/Graduate-Doctorate","Mixed","Professions-focused","Large","Highly residential","Doctorate","Classified","N/A"
190576,"CUNY Graduate School and University Center","New York","NY","Public","Professions-focused Undergraduate/Graduate-Doctorate Medium","Not Classified","Research 1: Very High Research Spending and Doctorate Production","Undergraduate/Graduate-Doctorate","Professions-focused","Mixed","Medium","Primarily online","Doctorate","N/A","N/A"
182670,"Dartmouth College","Hanover","NH","Private not-for-profit","Mixed Undergraduate/Graduate-Doctorate Medium","Lower Access, Higher Earnings","Research 1: Very High Research Spending and Doctorate Production","Undergraduate/Graduate-Doctorate","Mixed","Professions-focused","Medium","Highly residential","Doctorate","N/A","N/A"
212054,"Drexel University","Philadelphia","PA","Private not-for-profit","Professions-focused Undergraduate/Graduate-Doctorate Large","Lower Access, Higher Earnings","Research 1: Very High Research Spending and Doctorate Production","Undergraduate/Graduate-Doctorate","Professions-focused","Professions-focused","Large","Residential","Doctorate","Classified","N/A"
198419,"Duke University","Durham","NC","Private not-for-profit","Mixed Undergraduate/Graduate-Doctorate Medium","Lower Access, Higher Earnings","Research 1: Very High Research Spending and Doctorate Production","Undergraduate/Graduate-Doctorate","Mixed","Professions-focused","Medium","Highly residential","Doctorate","Classified","N/A"
198464,"East Carolina University","Greenville","NC","Public","Professions-focused Undergraduate/Graduate-Doctorate Large","Lower Access, Higher Earnings","Research 1: Very High Research Spending and Doctorate Production","Undergraduate/Graduate-Doctorate","Professions-focused","Professions-focused","Large","Residential","Doctorate","Classified","Classified"
139658,"Emory University","Atlanta","GA","Private not-for-profit","Mixed Undergraduate/Graduate-Doctorate Medium","Lower Access, Higher Earnings","Research 1: Very High Research Spending and Doctorate Production","Undergraduate/Graduate-Doctorate","Mixed","Professions-focused","Medium","Highly residential","Doctorate","Classified","N/A"
133669,"Florida Atlantic University","Boca Raton","FL","Public","Mixed Undergraduate/Graduate-Doctorate Large","Opportunity Colleges and Universities-Higher Access, Higher Earnings","Research 1: Very High Research Spending and Doctorate Production","Undergraduate/Graduate-Doctorate","Mixed","Professions-focused","Large","Residential","Doctorate","Classified","N/A"
133951,"Florida International University","Miami","FL","Public","Mixed Undergraduate/Graduate-Doctorate Large","Opportunity Colleges and Universities-Higher Access, Higher Earnings","Research 1: Very High Research Spending and Doctorate Production","Undergraduate/Graduate-Doctorate","Mixed","Professions-focused","Very Large","Primarily non-residential","Doctorate","Classified","Classified"
134097,"Florida State University","Tallahassee","FL","Public","Mixed Undergraduate/Graduate-Doctorate Large","Lower Access, Higher Earnings","Research 1: Very High Research Spending and Doctorate Production","Undergraduate/Graduate-Doctorate","Mixed","Professions-focused","Very Large","Residential","Doctorate","Classified","N/A"
232186,"George Mason University","Fairfax","VA","Public","Mixed Undergraduate/Graduate-Doctorate Large","Opportunity Colleges and Universities-Higher Access, Higher Earnings","Research 1: Very High Research Spending and Doctorate Production","Undergraduate/Graduate-Doctorate","Mixed","Professions-focused","Very Large","Residential","Doctorate","N/A","N/A"
131469,"George Washington University","Washington","DC","Private not-for-profit","Mixed Undergraduate/Graduate-Doctorate Large","Lower Access, Higher Earnings","Research 1: Very High Research Spending and Doctorate Production","Undergraduate/Graduate-Doctorate","Mixed","Professions-focused","Large","Highly residential","Doctorate","Classified","N/A"
131496,"Georgetown University","Washington","DC","Private not-for-profit","Mixed Undergraduate/Graduate-Doctorate Large","Lower Access, Higher Earnings","Research 1: Very High Research Spending and Doctorate Production","Undergraduate/Graduate-Doctorate","Mixed","Professions-focused","Large","Highly residential","Doctorate","Classified","N/A"
139755,"Georgia Institute of Technology-Main Campus","Atlanta","GA","Public","Special Focus: Technology, Engineering, and Sciences","Lower Access, Higher Earnings","Research 1: Very High Research Spending and Doctorate Production","Undergraduate/Graduate-Doctorate","Special Focus: Technology, Engineering, and Sciences","Special Focus: Technology, Engineering, and Sciences","Very Large","Primarily residential","Doctorate","N/A","N/A"
139940,"Georgia State University","Atlanta","GA","Public","Mixed Undergraduate/Graduate-Doctorate Large","Higher Access, Medium Earnings","Research 1: Very High Research Spending and Doctorate Production","Undergraduate/Graduate-Doctorate","Mixed","Professions-focused","Very Large","Residential","Doctorate","N/A","N/A"
166027,"Harvard University","Cambridge","MA","Private not-for-profit","Mixed Undergraduate/Graduate-Doctorate Large","Lower Access, Higher Earnings","Research 1: Very High Research Spending and Doctorate Production","Undergraduate/Graduate-Doctorate","Mixed","Professions-focused","Large","Highly residential","Doctorate","N/A","N/A"
131520,"Howard University","Washington","DC","Private not-for-profit","Mixed Undergraduate/Graduate-Doctorate Medium","Opportunity Colleges and Universities-Higher Access, Higher Earnings","Research 1: Very High Research Spending and Doctorate Production","Undergraduate/Graduate-Doctorate","Mixed","Professions-focused","Medium","Highly residential","Doctorate","N/A","N/A"
151351,"Indiana University-Bloomington","Bloomington","IN","Public","Professions-focused Undergraduate/Graduate-Doctorate Large","Lower Access, Higher Earnings","Research 1: Very High Research Spending and Doctorate Production","Undergraduate/Graduate-Doctorate","Professions-focused","Professions-focused","Very Large","Primarily residential","Doctorate","Classified","N/A"
151111,"Indiana University-Purdue University-Indianapolis","Indianapolis","IN","Public","Professions-focused Undergraduate/Graduate-Doctorate Large","Higher Access, Medium Earnings","Research 1: Very High Research Spending and Doctorate Production","Undergraduate/Graduate-Doctorate","Professions-focused","Professions-focused","Large","Residential","Doctorate","Classified","N/A"
153603,"Iowa State University","Ames","IA","Public","Mixed Undergraduate/Graduate-Doctorate Large","Lower Access, Medium Earnings","Research 1: Very High Research Spending and Doctorate Production","Undergraduate/Graduate-Doctorate","Mixed","Mixed","Large","Primarily residential","Doctorate","Classified","N/A"
162928,"Johns Hopkins University","Baltimore","MD","Private not-for-profit","Mixed Undergraduate/Graduate-Doctorate Large","Lower Access, Higher Earnings","Research 1: Very High Research Spending and Doctorate Production","Undergraduate/Graduate-Doctorate","Mixed","Mixed","Large","Primarily residential","Doctorate","N/A","N/A"
155399,"Kansas State University","Manhattan","KS","Public","Professions-focused Undergraduate/Graduate-Doctorate Large","Lower Access, Medium Earnings","Research 1: Very High Research Spending and Doctorate Production","Undergraduate/Graduate-Doctorate","Professions-focused","Professions-focused","Large","Primarily residential","Doctorate","Classified","N/A"
203517,"Kent State University at Kent","Kent","OH","Public","Professions-focused Undergraduate/Graduate-Doctorate Large","Higher Access, Medium Earnings","Research 1: Very High Research Spending and Doctorate Production","Undergraduate/Graduate-Doctorate","Professions-focused","Professions-focused","Large","Primarily residential","Doctorate","N/A","N/A"
213543,"Lehigh University","Bethlehem","PA","Private not-for-profit","Mixed Undergraduate/Graduate-Doctorate Medium","Lower Access, Higher Earnings","Research 1: Very High Research Spending and Doctorate Production","Undergraduate/Graduate-Doctorate","Mixed","Mixed","Medium","Highly residential","Doctorate","N/A","N/A"
159391,"Louisiana State University and Agricultural & Mechanical College","Baton Rouge","LA","Public","Mixed Undergraduate/Graduate-Doctorate Large","Lower Access, Higher Earnings","Research 1: Very High Research Spending and Doctorate Production","Undergraduate/Graduate-Doctorate","Mixed","Professions-focused","Large","Primarily residential","Doctorate","Classified","N/A"
146719,"Loyola University Chicago","Chicago","IL","Private not-for-profit","Mixed Undergraduate/Graduate-Doctorate Medium","Lower Access, Higher Earnings","Research 1: Very High Research Spending and Doctorate Production","Undergraduate/Graduate-Doctorate","Mixed","Professions-focused","Medium","Primarily residential","Doctorate","Classified","N/A"
166683,"Massachusetts Institute of Technology","Cambridge","MA","Private not-for-profit","Special Focus: Technology, Engineering, and Sciences","Lower Access, Higher Earnings","Research 1: Very High Research Spending and Doctorate Production","Undergraduate/Graduate-Doctorate","Special Focus: Technology, Engineering, and Sciences","Special Focus: Technology, Engineering, and Sciences","Medium","Highly residential","Doctorate","N/A","N/A"
218335,"Medical University of South Carolina","Charleston","SC","Public","Special Focus: Medical Schools and Centers","Not Classified","Research 1: Very High Research Spending and Doctorate Production","Undergraduate/Graduate-Doctorate","Special Focus: Medical Schools and Centers","Special Focus: Medical Schools and Centers","Small","Graduate-focused","Doctorate","N/A","N/A"
171100,"Michigan State University","East Lansing","MI","Public","Mixed Undergraduate/Graduate-Doctorate Large","Lower Access, Higher Earnings","Research 1: Very High Research Spending and Doctorate Production","Undergraduate/Graduate-Doctorate","Mixed","Professions-focused","Very Large","Primarily residential","Doctorate","Classified","N/A"
171128,"Michigan Technological University","Houghton","MI","Public","Special Focus: Technology, Engineering, and Sciences","Lower Access, Higher Earnings","Research 1: Very High Research Spending and Doctorate Production","Undergraduate/Graduate-Doctorate","Special Focus: Technology, Engineering, and Sciences","Special Focus: Technology, Engineering, and Sciences","Medium","Highly residential","Doctorate","N/A","N/A"
176080,"Mississippi State University","Mississippi State","MS","Public","Mixed Undergraduate/Graduate-Doctorate Large","Lower Access, Medium Earnings","Research 1: Very High Research Spending and Doctorate Production","Undergraduate/Graduate-Doctorate","Mixed","Professions-focused","Large","Primarily residential","Doctorate","Classified","N/A"
178411,"Missouri University of Science and Technology","Rolla","MO","Public","Special Focus: Technology, Engineering, and Sciences","Lower Access, Higher Earnings","Research 1: Very High Research Spending and Doctorate Production","Undergraduate/Graduate-Doctorate","Special Focus: Technology, Engineering, and Sciences","Special Focus: Technology, Engineering, and Sciences","Medium","Primarily residential","Doctorate","N/A","N/A"
180461,"Montana State University","Bozeman","MT","Public","Mixed Undergraduate/Graduate-Doctorate Medium","Lower Access, Medium Earnings","Research 1: Very High Research Spending and Doctorate Production","Undergraduate/Graduate-Doctorate","Mixed","Professions-focused","Medium","Primarily residential","Doctorate","Classified","N/A"
185828,"New Jersey Institute of Technology","Newark","NJ","Public","Special Focus: Technology, Engineering, and Sciences","Opportunity Colleges and Universities-Higher Access, Higher Earnings","Research 1: Very High Research Spending and Doctorate Production","Undergraduate/Graduate-Doctorate","Special Focus: Technology, Engineering, and Sciences","Special Focus: Technology, Engineering, and Sciences","Medium","Primarily residential","Doctorate","N/A","N/A"
188030,"New Mexico State University-Main Campus","Las Cruces","NM","Public","Mixed Undergraduate/Graduate-Doctorate Medium","Higher Access, Medium Earnings","Research 1: Very High Research Spending and Doctorate Production","Undergraduate/Graduate-Doctorate","Mixed","Professions-focused","Medium","Primarily residential","Doctorate","Classified","N/A"
193900,"New York University","New York","NY","Private not-for-profit","Mixed Undergraduate/Graduate-Doctorate Large","Lower Access, Higher Earnings","Research 1: Very High Research Spending and Doctorate Production","Undergraduate/Graduate-Doctorate","Mixed","Professions-focused","Very Large","Primarily residential","Doctorate","Classified","N/A"
199193,"North Carolina State University at Raleigh","Raleigh","NC","Public","Mixed Undergraduate/Graduate-Doctorate Large","Lower Access, Higher Earnings","Research 1: Very High Research Spending and Doctorate Production","Undergraduate/Graduate-Doctorate","Mixed","Mixed","Very Large","Primarily residential","Doctorate","Classified","N/A"
200332,"North Dakota State University-Main Campus","Fargo","ND","Public","Mixed Undergraduate/Graduate-Doctorate Medium","Lower Access, Medium Earnings","Research 1: Very High Research Spending and Doctorate Production","Undergraduate/Graduate-Doctorate","Mixed","Professions-focused","Medium","Highly residential","Doctorate","N/A","N/A"
167358,"Northeastern University","Boston","MA","Private not-for-profit","Mixed Undergraduate/Graduate-Doctorate Large","Lower Access, Higher Earnings","Research 1: Very High Research Spending and Doctorate Production","Undergraduate/Graduate-Doctorate","Mixed","Special Focus: Technology, Engineering, and Sciences","Large","Highly residential","Doctorate","Classified","N/A"
105330,"Northern Arizona University","Flagstaff","AZ","Public","Professions-focused Undergraduate/Graduate-Doctorate Large","Lower Access, Higher Earnings","Research 1: Very High Research Spending and Doctorate Production","Undergraduate/Graduate-Doctorate","Professions-focused","Professions-focused","Large","Primarily residential","Doctorate","N/A","N/A"
147767,"Northwestern University","Evanston","IL","Private not-for-profit","Mixed Undergraduate/Graduate-Doctorate Large","Lower Access, Higher Earnings","Research 1: Very High Research Spending and Doctorate Production","Undergraduate/Graduate-Doctorate","Mixed","Professions-focused","Large","Primarily residential","Doctorate","N/A","N/A"
136215,"Nova Southeastern University","Fort Lauderdale","FL","Private not-for-profit","Professions-focused Undergraduate/Graduate-Doctorate Large","Opportunity Colleges and Universities-Higher Access, Higher Earnings","Research 1: Very High Research Spending and Doctorate Production","Undergraduate/Graduate-Doctorate","Professions-focused","Professions-focused","Large","Primarily residential","Doctorate","Classified","N/A"
204796,"Ohio State University-Main Campus","Columbus","OH","Public","Mixed Undergraduate/Graduate-Doctorate Large","Lower Access, Higher Earnings","Research 1: Very High Research Spending and Doctorate Production","Undergraduate/Graduate-Doctorate","Mixed","Professions-focused","Very Large","Primarily residential","Doctorate","Classified","N/A"
204857,"Ohio University-Main Campus","Athens","OH","Public","Professions-focused Undergraduate/Graduate-Doctorate Large","Opportunity Colleges and Universities-Higher Access, Higher Earnings","Research 1: Very High Research Spending and Doctorate Production","Undergraduate/Graduate-Doctorate","Professions-focused","Professions-focused","Large","Residential","Doctorate","N/A","N/A"
207388,"Oklahoma State University-Main Campus","Stillwater","OK","Public","Professions-focused Undergraduate/Graduate-Doctorate Large","Lower Access, Higher Earnings","Research 1: Very High Research Spending and Doctorate Production","Undergraduate/Graduate-Doctorate","Professions-focused","Professions-focused","Large","Primarily residential","Doctorate","Classified","Classified"
232982,"Old Dominion University","Norfolk","VA","Public","Mixed Undergraduate/Graduate-Doctorate Large","Higher Access, Medium Earnings","Research 1: Very High Research Spending and Doctorate Production","Undergraduate/Graduate-Doctorate","Mixed","Professions-focused","Large","Residential","Doctorate","Classified","N/A"
209542,"Oregon State University","Corvallis","OR","Public","Mixed Undergraduate/Graduate-Doctorate Large","Lower Access, Higher Earnings","Research 1: Very High Research Spending and Doctorate Production","Undergraduate/Graduate-Doctorate","Mixed","Mixed","Large","Residential","Doctorate","Classified","N/A"
214777,"Pennsylvania State University-Main Campus","University Park","PA","Public","Mixed Undergraduate/Graduate-Doctorate Large","Lower Access, Medium Earnings","Research 1: Very High Research Spending and Doctorate Production","Undergraduate/Graduate-Doctorate","Mixed","Professions-focused","Very Large","Primarily residential","Doctorate","N/A","N/A"
186131,"Princeton University","Princeton","NJ","Private not-for-profit","Mixed Undergraduate/Graduate-Doctorate Medium","Lower Access, Higher Earnings","Research 1: Very High Research Spending and Doctorate Production","Undergraduate/Graduate-Doctorate","Mixed","Mixed","Medium","Highly residential","Doctorate","N/A","N/A"
243780,"Purdue University-Main Campus","West Lafayette","IN","Public","Mixed Undergraduate/Graduate-Doctorate Large","Lower Access, Higher Earnings","Research 1: Very High Research Spending and Doctorate Production","Undergraduate/Graduate-Doctorate","Mixed","Mixed","Very Large","Primarily residential","Doctorate","Classified","N/A"
194824,"Rensselaer Polytechnic Institute","Troy","NY","Private not-for-profit","Special Focus: Technology, Engineering, and Sciences","Lower Access, Higher Earnings","Research 1: Very High Research Spending and Doctorate Production","Undergraduate/Graduate-Doctorate","Special Focus: Technology, Engineering, and Sciences","Special Focus: Technology, Engineering, and Sciences","Medium","Highly residential","Doctorate","N/A","N/A"
227757,"Rice University","Houston","TX","Private not-for-profit","Mixed Undergraduate/Graduate-Doctorate Medium","Lower Access, Higher Earnings","Research 1: Very High Research Spending and Doctorate Production","Undergraduate/Graduate-Doctorate","Mixed","Mixed","Medium","Highly residential","Doctorate","N/A","Classified"
186380,"Rutgers University-New Brunswick","New Brunswick","NJ","Public","Mixed Undergraduate/Graduate-Doctorate Large","Lower Access, Medium Earnings","Research 1: Very High Research Spending and Doctorate Production","Undergraduate/Graduate-Doctorate","Mixed","Professions-focused","Very Large","Primarily residential","Doctorate","Classified","N/A"
179159,"Saint Louis University","Saint Louis","MO","Private not-for-profit","Professions-focused Undergraduate/Graduate-Doctorate Medium","Lower Access, Higher Earnings","Research 1: Very High Research Spending and Doctorate Production","Undergraduate/Graduate-Doctorate","Professions-focused","Professions-focused","Medium","Highly residential","Doctorate","Classified","N/A"
122409,"San Diego State University","San Diego","CA","Public","Mixed Undergraduate/Graduate-Doctorate Large","Opportunity Colleges and Universities-Higher Access, Higher Earnings","Research 1: Very High Research Spending and Doctorate Production","Undergraduate/Graduate-Doctorate","Mixed","Professions-focused","Large","Residential","Doctorate","Classified","N/A"
149222,"Southern Illinois University-Carbondale","Carbondale","IL","Public","Professions-focused Undergraduate/Graduate-Doctorate Medium","Opportunity Colleges and Universities-Higher Access, Higher Earnings","Research 1: Very High Research Spending and Doctorate Production","Undergraduate/Graduate-Doctorate","Professions-focused","Professions-focused","Medium","Highly residential","Doctorate","Classified","N/A"
228246,"Southern Methodist University","Dallas","TX","Private not-for-profit","Mixed Undergraduate/Graduate-Doctorate Medium","Lower Access, Higher Earnings","Research 1: Very High Research Spending and Doctorate Production","Undergraduate/Graduate-Doctorate","Mixed","Professions-focused","Medium","Primarily residential","Doctorate","N/A","N/A"
243744,"Stanford University","Stanford","CA","Private not-for-profit","Mixed Undergraduate/Graduate-Doctorate Large","Lower Access, Higher Earnings","Research 1: Very High Research Spending and Doctorate Production","Undergraduate/Graduate-Doctorate","Mixed","Mixed","Large","Highly residential","Doctorate","N/A","N/A"
196097,"Stony Brook University","Stony Brook","NY","Public","Mixed Undergraduate/Graduate-Doctorate Large","Opportunity Colleges and Universities-Higher Access, Higher Earnings","Research 1: Very High Research Spending and Doctorate Production","Undergraduate/Graduate-Doctorate","Mixed","Professions-focused","Large","Highly residential","Doctorate","N/A","N/A"
196413,"Syracuse University","Syracuse","NY","Private not-for-profit","Mixed Undergraduate/Graduate-Doctorate Large","Lower Access, Higher Earnings","Research 1: Very High Research Spending and Doctorate Production","Undergraduate/Graduate-Doctorate","Mixed","Professions-focused","Large","Highly residential","Doctorate","N/A","N/A"
216339,"Temple University","Philadelphia","PA","Public","Professions-focused Undergraduate/Graduate-Doctorate Large","Opportunity Colleges and Universities-Higher Access, Higher Earnings","Research 1: Very High Research Spending and Doctorate Production","Undergraduate/Graduate-Doctorate","Professions-focused","Professions-focused","Large","Residential","Doctorate","N/A","N/A"
228723,"Texas A&M University-College Station","College Station","TX","Public","Mixed Undergraduate/Graduate-Doctorate Large","Lower Access, Higher Earnings","Research 1: Very High Research Spending and Doctorate Production","Undergraduate/Graduate-Doctorate","Mixed","Professions-focused","Very Large","Residential","Doctorate","N/A","N/A"
229115,"Texas Tech University","Lubbock","TX","Public","Mixed Undergraduate/Graduate-Doctorate Large","Lower Access, Higher Earnings","Research 1: Very High Research Spending and Doctorate Production","Undergraduate/Graduate-Doctorate","Mixed","Professions-focused","Very Large","Residential","Doctorate","Classified","N/A"
131283,"The Catholic University of America","Washington","DC","Private not-for-profit","Mixed Undergraduate/Graduate-Doctorate Medium","Lower Access, Higher Earnings","Research 1: Very High Research Spending and Doctorate Production","Undergraduate/Graduate-Doctorate","Mixed","Professions-focused","Medium","Highly residential","Doctorate","N/A","N/A"
100751,"The University of Alabama","Tuscaloosa","AL","Public","Professions-focused Undergraduate/Graduate-Doctorate Large","Lower Access, Higher Earnings","Research 1: Very High Research Spending and Doctorate Production","Undergraduate/Graduate-Doctorate","Professions-focused","Professions-focused","Very Large","Primarily residential","Doctorate","Classified","N/A"
180489,"The University of Montana","Missoula","MT","Public","Mixed Undergraduate/Graduate-Doctorate Medium","Higher Access, Medium Earnings","Research 1: Very High Research Spending and Doctorate Production","Undergraduate/Graduate-Doctorate","Mixed","Professions-focused","Medium","Residential","Doctorate","Classified","N/A"
487010,"The University of Tennessee Health Science Center","Memphis","TN","Public","Special Focus: Medical Schools and Centers","Not Classified","Research 1: Very High Research Spending and Doctorate Production","Undergraduate/Graduate-Doctorate","Special Focus: Medical Schools and Centers","Special Focus: Medical Schools and Centers","Small","Graduate-focused","Doctorate","N/A","N/A"
221759,"The University of Tennessee-Knoxville","Knoxville","TN","Public","Mixed Undergraduate/Graduate-Doctorate Large","Lower Access, Higher Earnings","Research 1: Very High Research Spending and Doctorate Production","Undergraduate/Graduate-Doctorate","Mixed","Professions-focused","Large","Primarily residential","Doctorate","Classified","N/A"
228769,"The University of Texas at Arlington","Arlington","TX","Public","Professions-focused Undergraduate/Graduate-Doctorate Large","Opportunity Colleges and Universities-Higher Access, Higher Earnings","Research 1: Very High Research Spending and Doctorate Production","Undergraduate/Graduate-Doctorate","Professions-focused","Professions-focused","Very Large","Residential","Doctorate","N/A","N/A"
228778,"The University of Texas at Austin","Austin","TX","Public","Mixed Undergraduate/Graduate-Doctorate Large","Lower Access, Higher Earnings","Research 1: Very High Research Spending and Doctorate Production","Undergraduate/Graduate-Doctorate","Mixed","Professions-focused","Very Large","Residential","Doctorate","Classified","N/A"
228787,"The University of Texas at Dallas","Richardson","TX","Public","Mixed Undergraduate/Graduate-Doctorate Large","Lower Access, Higher Earnings","Research 1: Very High Research Spending and Doctorate Production","Undergraduate/Graduate-Doctorate","Mixed","Mixed","Large","Residential","Doctorate","N/A","N/A"
228796,"The University of Texas at El Paso","El Paso","TX","Public","Mixed Undergraduate/Graduate-Doctorate Large","Opportunity Colleges and Universities-Higher Access, Higher Earnings","Research 1: Very High Research Spending and Doctorate Production","Undergraduate/Graduate-Doctorate","Mixed","Professions-focused","Large","Primarily non-residential","Doctorate","Classified","N/A"
229027,"The University of Texas at San Antonio","San Antonio","TX","Public","Mixed Undergraduate/Graduate-Doctorate Large","Opportunity Colleges and Universities-Higher Access, Higher Earnings","Research 1: Very High Research Spending and Doctorate Production","Undergraduate/Graduate-Doctorate","Mixed","Professions-focused","Large","Residential","Doctorate","Classified","N/A"
229300,"The University of Texas Health Science Center at Houston","Houston","TX","Public","Special Focus: Medical Schools and Centers","Not Classified","Research 1: Very High Research Spending and Doctorate Production","Undergraduate/Graduate-Doctorate","Special Focus: Medical Schools and Centers","Special Focus: Medical Schools and Centers","Medium","Graduate-focused","Doctorate","N/A","N/A"
228644,"The University of Texas Health Science Center at San Antonio","San Antonio","TX","Public","Special Focus: Medical Schools and Centers","Not Classified","Research 1: Very High Research Spending and Doctorate Production","Undergraduate/Graduate-Doctorate","Special Focus: Medical Schools and Centers","Special Focus: Medical Schools and Centers","Medium","Graduate-focused","Doctorate","N/A","N/A"
168148,"Tufts University","Medford","MA","Private not-for-profit","Mixed Undergraduate/Graduate-Doctorate Medium","Lower Access, Higher Earnings","Research 1: Very High Research Spending and Doctorate Production","Undergraduate/Graduate-Doctorate","Mixed","Mixed","Medium","Highly residential","Doctorate","Classified","N/A"
160755,"Tulane University of Louisiana","New Orleans","LA","Private not-for-profit","Mixed Undergraduate/Graduate-Doctorate Medium","Lower Access, Medium Earnings","Research 1: Very High Research Spending and Doctorate Production","Undergraduate/Graduate-Doctorate","Mixed","Professions-focused","Medium","Primarily residential","Doctorate","Classified","N/A"
196060,"University at Albany","Albany","NY","Public","Mixed Undergraduate/Graduate-Doctorate Medium","Higher Access, Medium Earnings","Research 1: Very High Research Spending and Doctorate Production","Undergraduate/Graduate-Doctorate","Mixed","Professions-focused","Medium","Highly residential","Doctorate","Classified","N/A"
196088,"University at Buffalo","Buffalo","NY","Public","Mixed Undergraduate/Graduate-Doctorate Large","Lower Access, Medium Earnings","Research 1: Very High Research Spending and Doctorate Production","Undergraduate/Graduate-Doctorate","Mixed","Professions-focused","Large","Primarily residential","Doctorate","N/A","N/A"
100663,"University of Alabama at Birmingham","Birmingham","AL","Public","Professions-focused Undergraduate/Graduate-Doctorate Large","Higher Access, Medium Earnings","Research 1: Very High Research Spending and Doctorate Production","Undergraduate/Graduate-Doctorate","Professions-focused","Special Focus: Medical Schools and Centers","Large","Residential","Doctorate","Classified","N/A"
104179,"University of Arizona","Tucson","AZ","Public","Mixed Undergraduate/Graduate-Doctorate Large","Lower Access, Medium Earnings","Research 1: Very High Research Spending and Doctorate Production","Undergraduate/Graduate-Doctorate","Mixed","Professions-focused","Very Large","Residential","Doctorate","N/A","N/A"
106397,"University of Arkansas","Fayetteville","AR","Public","Professions-focused Undergraduate/Graduate-Doctorate Large","Lower Access, Higher Earnings","Research 1: Very High Research Spending and Doctorate Production","Undergraduate/Graduate-Doctorate","Professions-focused","Professions-focused","Large","Residential","Doctorate","N/A","N/A"
110635,"University of California-Berkeley","Berkeley","CA","Public","Mixed Undergraduate/Graduate-Doctorate Large","Lower Access, Higher Earnings","Research 1: Very High Research Spending and Doctorate Production","Undergraduate/Graduate-Doctorate","Mixed","Mixed","Very Large","Primarily residential","Doctorate","N/A","N/A"
110644,"University of California-Davis","Davis","CA","Public","Mixed Undergraduate/Graduate-Doctorate Large","Lower Access, Higher Earnings","Research 1: Very High Research Spending and Doctorate Production","Undergraduate/Graduate-Doctorate","Mixed","Professions-focused","Very Large","Primarily residential","Doctorate","Classified","N/A"
110653,"University of California-Irvine","Irvine","CA","Public","Mixed Undergraduate/Graduate-Doctorate Large","Opportunity Colleges and Universities-Higher Access, Higher Earnings","Research 1: Very High Research Spending and Doctorate Production","Undergraduate/Graduate-Doctorate","Mixed","Mixed","Large","Highly residential","Doctorate","N/A","N/A"
110662,"University of California-Los Angeles","Los Angeles","CA","Public","Mixed Undergraduate/Graduate-Doctorate Large","Lower Access, Higher Earnings","Research 1: Very High Research Spending and Doctorate Production","Undergraduate/Graduate-Doctorate","Mixed","Professions-focused","Very Large","Highly residential","Doctorate","Classified","N/A"
445188,"University of California-Merced","Merced","CA","Public","Mixed Baccalaureate","Opportunity Colleges and Universities-Higher Access, Higher Earnings","Research 1: Very High Research Spending and Doctorate Production","Baccalaureate","Mixed","Mixed","Medium","Primarily residential","Doctorate","Classified","N/A"
110671,"University of California-Riverside","Riverside","CA","Public","Mixed Undergraduate/Graduate-Doctorate Large","Higher Access, Medium Earnings","Research 1: Very High Research Spending and Doctorate Production","Undergraduate/Graduate-Doctorate","Mixed","Mixed","Large","Primarily residential","Doctorate","Classified","N/A"
110680,"University of California-San Diego","La Jolla","CA","Public","Mixed Undergraduate/Graduate-Doctorate Large","Lower Access, Higher Earnings","Research 1: Very High Research Spending and Doctorate Production","Undergraduate/Graduate-Doctorate","Mixed","Special Focus: Technology, Engineering, and Sciences","Very Large","Highly residential","Doctorate","N/A","N/A"
110699,"University of California-San Francisco","San Francisco","CA","Public","Special Focus: Medical Schools and Centers","Not Classified","Research 1: Very High Research Spending and Doctorate Production","Graduate-focused","Special Focus: Medical Schools and Centers","Special Focus: Medical Schools and Centers","Small","Graduate-focused","Doctorate","N/A","N/A"
110705,"University of California-Santa Barbara","Santa Barbara","CA","Public","Mixed Undergraduate/Graduate-Doctorate Large","Lower Access, Higher Earnings","Research 1: Very High Research Spending and Doctorate Production","Undergraduate/Graduate-Doctorate","Mixed","Mixed","Large","Primarily residential","Doctorate","N/A","N/A"
110714,"University of California-Santa Cruz","Santa Cruz","CA","Public","Mixed Undergraduate/Graduate-Doctorate Large","Lower Access, Medium Earnings","Research 1: Very High Research Spending and Doctorate Production","Undergraduate/Graduate-Doctorate","Mixed","Mixed","Large","Primarily residential","Doctorate","N/A","N/A"
132903,"University of Central Florida","Orlando","FL","Public","Mixed Undergraduate/Graduate-Doctorate Large","Opportunity Colleges and Universities-Higher Access, Higher Earnings","Research 1: Very High Research Spending and Doctorate Production","Undergraduate/Graduate-Doctorate","Mixed","Professions-focused","Very Large","Residential","Doctorate","Classified","N/A"
144050,"University of Chicago","Chicago","IL","Private not-for-profit","Mixed Undergraduate/Graduate-Doctorate Large","Lower Access, Higher Earnings","Research 1: Very High Research Spending and Doctorate Production","Undergraduate/Graduate-Doctorate","Mixed","Mixed","Large","Highly residential","Doctorate","N/A","N/A"
201885,"University of Cincinnati-Main Campus","Cincinnati","OH","Public","Professions-focused Undergraduate/Graduate-Doctorate Large","Lower Access, Medium Earnings","Research 1: Very High Research Spending and Doctorate Production","Undergraduate/Graduate-Doctorate","Professions-focused","Professions-focused","Very Large","Residential","Doctorate","N/A","Classified"
126614,"University of Colorado Boulder","Boulder","CO","Public","Mixed Undergraduate/Graduate-Doctorate Large","Lower Access, Higher Earnings","Research 1: Very High Research Spending and Doctorate Production","Undergraduate/Graduate-Doctorate","Mixed","Mixed","Very Large","Residential","Doctorate","N/A","N/A"
126562,"University of Colorado Denver/Anschutz Medical Campus","Denver","CO","Public","Mixed Undergraduate/Graduate-Doctorate Large","Higher Access, Medium Earnings","Research 1: Very High Research Spending and Doctorate Production","Undergraduate/Graduate-Doctorate","Mixed","Professions-focused","Large","Residential","Doctorate","N/A","N/A"
129020,"University of Connecticut","Storrs","CT","Public","Mixed Undergraduate/Graduate-Doctorate Large","Lower Access, Higher Earnings","Research 1: Very High Research Spending and Doctorate Production","Undergraduate/Graduate-Doctorate","Mixed","Professions-focused","Large","Highly residential","Doctorate","Classified","N/A"
202480,"University of Dayton","Dayton","OH","Private not-for-profit","Mixed Undergraduate/Graduate-Doctorate Medium","Lower Access, Higher Earnings","Research 1: Very High Research Spending and Doctorate Production","Undergraduate/Graduate-Doctorate","Mixed","Professions-focused","Medium","Highly residential","Doctorate","Classified","N/A"
130943,"University of Delaware","Newark","DE","Public","Mixed Undergraduate/Graduate-Doctorate Large","Lower Access, Higher Earnings","Research 1: Very High Research Spending and Doctorate Production","Undergraduate/Graduate-Doctorate","Mixed","Mixed","Large","Primarily residential","Doctorate","Classified","N/A"
127060,"University of Denver","Denver","CO","Private not-for-profit","Mixed Undergraduate/Graduate-Doctorate Medium","Lower Access, Higher Earnings","Research 1: Very High Research Spending and Doctorate Production","Undergraduate/Graduate-Doctorate","Mixed","Professions-focused","Medium","Primarily residential","Doctorate","Classified","N/A"
134130,"University of Florida","Gainesville","FL","Public","Mixed Undergraduate/Graduate-Doctorate Large","Lower Access, Higher Earnings","Research 1: Very High Research Spending and Doctorate Production","Undergraduate/Graduate-Doctorate","Mixed","Professions-focused","Very Large","Primarily residential","Doctorate","N/A","N/A"
139959,"University of Georgia","Athens","GA","Public","Mixed Undergraduate/Graduate-Doctorate Large","Lower Access, Higher Earnings","Research 1: Very High Research Spending and Doctorate Production","Undergraduate/Graduate-Doctorate","Mixed","Professions-focused","Very Large","Primarily residential","Doctorate","Classified","N/A"
141574,"University of Hawaii at Manoa","Honolulu","HI","Public","Mixed Undergraduate/Graduate-Doctorate Large","Higher Access, Medium Earnings","Research 1: Very High Research Spending and Doctorate Production","Undergraduate/Graduate-Doctorate","Mixed","Professions-focused","Large","Residential","Doctorate","N/A","N/A"
225511,"University of Houston","Houston","TX","Public","Mixed Undergraduate/Graduate-Doctorate Large","Opportunity Colleges and Universities-Higher Access, Higher Earnings","Research 1: Very High Research Spending and Doctorate Production","Undergraduate/Graduate-Doctorate","Mixed","Professions-focused","Very Large","Residential","Doctorate","N/A","N/A"
142285,"University of Idaho","Moscow","ID","Public","Mixed Undergraduate/Graduate-Doctorate Medium","Higher Access, Medium Earnings","Research 1: Very High Research Spending and Doctorate Production","Undergraduate/Graduate-Doctorate","Mixed","Professions-focused","Medium","Primarily residential","Doctorate","N/A","N/A"
145600,"University of Illinois Chicago","Chicago","IL","Public","Mixed Undergraduate/Graduate-Doctorate Large","Opportunity Colleges and Universities-Higher Access, Higher Earnings","Research 1: Very High Research Spending and Doctorate Production","Undergraduate/Graduate-Doctorate","Mixed","Professions-focused","Large","Residential","Doctorate","N/A","N/A"
145637,"University of Illinois Urbana-Champaign","Champaign","IL","Public","Mixed Undergraduate/Graduate-Doctorate Large","Lower Access, Higher Earnings","Research 1: Very High Research Spending and Doctorate Production","Undergraduate/Graduate-Doctorate","Mixed","Professions-focused","Very Large","Primarily residential","Doctorate","Classified","N/A"
153658,"University of Iowa","Iowa City","IA","Public","Mixed Undergraduate/Graduate-Doctorate Large","Lower Access, Medium Earnings","Research 1: Very High Research Spending and Doctorate Production","Undergraduate/Graduate-Doctorate","Mixed","Professions-focused","Large","Primarily residential","Doctorate","Classified","N/A"
155317,"University of Kansas","Lawrence","KS","Public","Mixed Undergraduate/Graduate-Doctorate Large","Lower Access, Higher Earnings","Research 1: Very High Research Spending and Doctorate Production","Undergraduate/Graduate-Doctorate","Mixed","Professions-focused","Large","Primarily residential","Doctorate","Classified","N/A"
157085,"University of Kentucky","Lexington","KY","Public","Professions-focused Undergraduate/Graduate-Doctorate Large","Lower Access, Higher Earnings","Research 1: Very High Research Spending and Doctorate Production","Undergraduate/Graduate-Doctorate","Professions-focused","Professions-focused","Large","Primarily residential","Doctorate","Classified","N/A"
160658,"University of Louisiana at Lafayette","Lafayette","LA","Public","Mixed Undergraduate/Graduate-Master's Large/Medium","Higher Access, Medium Earnings","Research 1: Very High Research Spending and Doctorate Production","Undergraduate/Graduate-Master's","Mixed","Professions-focused","Medium","Primarily residential","Doctorate","N/A","N/A"
157289,"University of Louisville","Louisville","KY","Public","Mixed Undergraduate/Graduate-Doctorate Large","Opportunity Colleges and Universities-Higher Access, Higher Earnings","Research 1: Very High Research Spending and Doctorate Production","Undergraduate/Graduate-Doctorate","Mixed","Professions-focused","Large","Residential","Doctorate","Classified","N/A"
161253,"University of Maine","Orono","ME","Public","Mixed Undergraduate/Graduate-Master's Large/Medium","Lower Access, Medium Earnings","Research 1: Very High Research Spending and Doctorate Production","Undergraduate/Graduate-Master's","Mixed","Professions-focused","Medium","Primarily residential","Doctorate","Classified","N/A"
163268,"University of Maryland-Baltimore County","Baltimore","MD","Public","Mixed Undergraduate/Graduate-Doctorate Medium","Higher Access, Medium Earnings","Research 1: Very High Research Spending and Doctorate Production","Undergraduate/Graduate-Doctorate","Mixed","Mixed","Medium","Primarily residential","Doctorate","Classified","N/A"
163286,"University of Maryland-College Park","College Park","MD","Public","Mixed Undergraduate/Graduate-Doctorate Large","Lower Access, Higher Earnings","Research 1: Very High Research Spending and Doctorate Production","Undergraduate/Graduate-Doctorate","Mixed","Mixed","Very Large","Primarily residential","Doctorate","N/A","N/A"
163259,"University of Maryland, Baltimore","Baltimore","MD","Public","Special Focus: Medical Schools and Centers","Not Classified","Research 1: Very High Research Spending and Doctorate Production","Undergraduate/Graduate-Doctorate","Special Focus: Medical Schools and Centers","Special Focus: Medical Schools and Centers","Medium","Graduate-focused","Doctorate","N/A","N/A"
166629,"University of Massachusetts-Amherst","Amherst","MA","Public","Mixed Undergraduate/Graduate-Doctorate Large","Lower Access, Medium Earnings","Research 1: Very High Research Spending and Doctorate Production","Undergraduate/Graduate-Doctorate","Mixed","Professions-focused","Large","Highly residential","Doctorate","Classified","N/A"
166638,"University of Massachusetts-Boston","Boston","MA","Public","Mixed Undergraduate/Graduate-Doctorate Medium","Higher Access, Medium Earnings","Research 1: Very High Research Spending and Doctorate Production","Undergraduate/Graduate-Doctorate","Mixed","Professions-focused","Medium","Primarily non-residential","Doctorate","Classified","N/A"
166513,"University of Massachusetts-Lowell","Lowell","MA","Public","Mixed Undergraduate/Graduate-Doctorate Large","Higher Access, Medium Earnings","Research 1: Very High Research Spending and Doctorate Production","Undergraduate/Graduate-Doctorate","Mixed","Professions-focused","Large","Residential","Doctorate","Classified","N/A"
220862,"University of Memphis","Memphis","TN","Public","Professions-focused Undergraduate/Graduate-Doctorate Large","Higher Access, Medium Earnings","Research 1: Very High Research Spending and Doctorate Production","Undergraduate/Graduate-Doctorate","Professions-focused","Professions-focused","Large","Residential","Doctorate","Classified","N/A"
135726,"University of Miami","Coral Gables","FL","Private not-for-profit","Mixed Undergraduate/Graduate-Doctorate Large","Lower Access, Higher Earnings","Research 1: Very High Research Spending and Doctorate Production","Undergraduate/Graduate-Doctorate","Mixed","Professions-focused","Large","Primarily residential","Doctorate","Classified","N/A"
170976,"University of Michigan-Ann Arbor","Ann Arbor","MI","Public","Mixed Undergraduate/Graduate-Doctorate Large","Lower Access, Higher Earnings","Research 1: Very High Research Spending and Doctorate Production","Undergraduate/Graduate-Doctorate","Mixed","Mixed","Very Large","Primarily residential","Doctorate","N/A","N/A"
174066,"University of Minnesota-Twin Cities","Minneapolis","MN","Public","Mixed Undergraduate/Graduate-Doctorate Large","Higher Access, Medium Earnings","Research 1: Very High Research Spending and Doctorate Production","Undergraduate/Graduate-Doctorate","Mixed","Professions-focused","Very Large","Residential","Doctorate","Classified","N/A"
176017,"University of Mississippi","University","MS","Public","Professions-focused Undergraduate/Graduate-Doctorate Large","Lower Access, Medium Earnings","Research 1: Very High Research Spending and Doctorate Production","Undergraduate/Graduate-Doctorate","Professions-focused","Professions-focused","Large","Primarily residential","Doctorate","Classified","N/A"
178396,"University of Missouri-Columbia","Columbia","MO","Public","Professions-focused Undergraduate/Graduate-Doctorate Large","Lower Access, Higher Earnings","Research 1: Very High Research Spending and Doctorate Production","Undergraduate/Graduate-Doctorate","Professions-focused","Professions-focused","Large","Primarily residential","Doctorate","Classified","N/A"
178402,"University of Missouri-Kansas City","Kansas City","MO","Public","Mixed Undergraduate/Graduate-Doctorate Medium","Higher Access, Medium Earnings","Research 1: Very High Research Spending and Doctorate Production","Undergraduate/Graduate-Doctorate","Mixed","Professions-focused","Medium","Residential","Doctorate","Classified","N/A"
181428,"University of Nebraska Medical Center","Omaha","NE","Public","Special Focus: Medical Schools and Centers","Not Classified","Research 1: Very High Research Spending and Doctorate Production","Undergraduate/Graduate-Doctorate","Special Focus: Medical Schools and Centers","Special Focus: Medical Schools and Centers","Medium","Graduate-focused","Doctorate","Classified","N/A"
181464,"University of Nebraska-Lincoln","Lincoln","NE","Public","Professions-focused Undergraduate/Graduate-Doctorate Large","Lower Access, Medium Earnings","Research 1: Very High Research Spending and Doctorate Production","Undergraduate/Graduate-Doctorate","Professions-focused","Professions-focused","Large","Primarily residential","Doctorate","Classified","N/A"
182281,"University of Nevada-Las Vegas","Las Vegas","NV","Public","Mixed Undergraduate/Graduate-Doctorate Large","Higher Access, Medium Earnings","Research 1: Very High Research Spending and Doctorate Production","Undergraduate/Graduate-Doctorate","Mixed","Professions-focused","Large","Primarily non-residential","Doctorate","Classified","N/A"
182290,"University of Nevada-Reno","Reno","NV","Public","Mixed Undergraduate/Graduate-Doctorate Large","Lower Access, Medium Earnings","Research 1: Very High Research Spending and Doctorate Production","Undergraduate/Graduate-Doctorate","Mixed","Professions-focused","Large","Residential","Doctorate","Classified","N/A"
183044,"University of New Hampshire-Main Campus","Durham","NH","Public","Mixed Undergraduate/Graduate-Master's Large/Medium","Lower Access, Medium Earnings","Research 1: Very High Research Spending and Doctorate Production","Undergraduate/Graduate-Master's","Mixed","Professions-focused","Medium","Highly residential","Doctorate","Classified","N/A"
187985,"University of New Mexico-Main Campus","Albuquerque","NM","Public","Mixed Undergraduate/Graduate-Doctorate Large","Higher Access, Medium Earnings","Research 1: Very High Research Spending and Doctorate Production","Undergraduate/Graduate-Doctorate","Mixed","Professions-focused","Large","Residential","Doctorate","Classified","N/A"
199120,"University of North Carolina at Chapel Hill","Chapel Hill","NC","Public","Mixed Undergraduate/Graduate-Doctorate Large","Lower Access, Higher Earnings","Research 1: Very High Research Spending and Doctorate Production","Undergraduate/Graduate-Doctorate","Mixed","Professions-focused","Large","Primarily residential","Doctorate","Classified","N/A"
199139,"University of North Carolina at Charlotte","Charlotte","NC","Public","Mixed Undergraduate/Graduate-Doctorate Large","Higher Access, Medium Earnings","Research 1: Very High Research Spending and Doctorate Production","Undergraduate/Graduate-Doctorate","Mixed","Professions-focused","Large","Residential","Doctorate","Classified","N/A"
200280,"University of North Dakota","Grand Forks","ND","Public","Professions-focused Undergraduate/Graduate-Doctorate Medium","Lower Access, Medium Earnings","Research 1: Very High Research Spending and Doctorate Production","Undergraduate/Graduate-Doctorate","Professions-focused","Professions-focused","Medium","Residential","Doctorate","N/A","N/A"
227216,"University of North Texas","Denton","TX","Public","Mixed Undergraduate/Graduate-Doctorate Large","Higher Access, Medium Earnings","Research 1: Very High Research Spending and Doctorate Production","Undergraduate/Graduate-Doctorate","Mixed","Professions-focused","Very Large","Residential","Doctorate","N/A","N/A"
152080,"University of Notre Dame","Notre Dame","IN","Private not-for-profit","Mixed Undergraduate/Graduate-Doctorate Medium","Lower Access, Higher Earnings","Research 1: Very High Research Spending and Doctorate Production","Undergraduate/Graduate-Doctorate","Mixed","Professions-focused","Medium","Highly residential","Doctorate","Classified","N/A"
207500,"University of Oklahoma-Norman Campus","Norman","OK","Public","Mixed Undergraduate/Graduate-Doctorate Large","Lower Access, Higher Earnings","Research 1: Very High Research Spending and Doctorate Production","Undergraduate/Graduate-Doctorate","Mixed","Professions-focused","Large","Primarily residential","Doctorate","N/A","N/A"
209551,"University of Oregon","Eugene","OR","Public","Mixed Undergraduate/Graduate-Doctorate Large","Lower Access, Medium Earnings","Research 1: Very High Research Spending and Doctorate Production","Undergraduate/Graduate-Doctorate","Mixed","Professions-focused","Large","Primarily residential","Doctorate","N/A","N/A"
215062,"University of Pennsylvania","Philadelphia","PA","Private not-for-profit","Mixed Undergraduate/Graduate-Doctorate Large","Lower Access, Higher Earnings","Research 1: Very High Research Spending and Doctorate Production","Undergraduate/Graduate-Doctorate","Mixed","Professions-focused","Large","Highly residential","Doctorate","Classified","N/A"
215293,"University of Pittsburgh-Pittsburgh Campus","Pittsburgh","PA","Public","Mixed Undergraduate/Graduate-Doctorate Large","Lower Access, Higher Earnings","Research 1: Very High Research Spending and Doctorate Production","Undergraduate/Graduate-Doctorate","Mixed","Professions-focused","Large","Primarily residential","Doctorate","Classified","N/A"
217484,"University of Rhode Island","Kingston","RI","Public","Mixed Undergraduate/Graduate-Doctorate Large","Lower Access, Higher Earnings","Research 1: Very High Research Spending and Doctorate Production","Undergraduate/Graduate-Doctorate","Mixed","Professions-focused","Large","Primarily residential","Doctorate","N/A","N/A"
195030,"University of Rochester","Rochester","NY","Private not-for-profit","Mixed Undergraduate/Graduate-Doctorate Medium","Lower Access, Higher Earnings","Research 1: Very High Research Spending and Doctorate Production","Undergraduate/Graduate-Doctorate","Mixed","Professions-focused","Medium","Highly residential","Doctorate","Classified","N/A"
218663,"University of South Carolina-Columbia","Columbia","SC","Public","Professions-focused Undergraduate/Graduate-Doctorate Large","Lower Access, Higher Earnings","Research 1: Very High Research Spending and Doctorate Production","Undergraduate/Graduate-Doctorate","Professions-focused","Professions-focused","Large","Primarily residential","Doctorate","Classified","N/A"
137351,"University of South Florida","Tampa","FL","Public","Mixed Undergraduate/Graduate-Doctorate Large","Lower Access, Higher Earnings","Research 1: Very High Research Spending and Doctorate Production","Undergraduate/Graduate-Doctorate","Mixed","Professions-focused","Very Large","Residential","Doctorate","Classified","N/A"
123961,"University of Southern California","Los Angeles","CA","Private not-for-profit","Mixed Undergraduate/Graduate-Doctorate Large","Lower Access, Higher Earnings","Research 1: Very High Research Spending and Doctorate Production","Undergraduate/Graduate-Doctorate","Mixed","Professions-focused","Very Large","Primarily residential","Doctorate","N/A","N/A"
176372,"University of Southern Mississippi","Hattiesburg","MS","Public","Professions-focused Undergraduate/Graduate-Doctorate Medium","Higher Access, Medium Earnings","Research 1: Very High Research Spending and Doctorate Production","Undergraduate/Graduate-Doctorate","Professions-focused","Professions-focused","Medium","Residential","Doctorate","Classified","N/A"
228635,"University of Texas Southwestern Medical Center","Dallas","TX","Public","Special Focus: Medical Schools and Centers","Not Classified","Research 1: Very High Research Spending and Doctorate Production","Graduate-focused","Special Focus: Medical Schools and Centers","Special Focus: Medical Schools and Centers","Small","Primarily online","Doctorate","N/A","N/A"
206084,"University of Toledo","Toledo","OH","Public","Professions-focused Undergraduate/Graduate-Doctorate Medium","Lower Access, Medium Earnings","Research 1: Very High Research Spending and Doctorate Production","Undergraduate/Graduate-Doctorate","Professions-focused","Professions-focused","Medium","Residential","Doctorate","Classified","N/A"
230764,"University of Utah","Salt Lake City","UT","Public","Mixed Undergraduate/Graduate-Doctorate Large","Lower Access, Higher Earnings","Research 1: Very High Research Spending and Doctorate Production","Undergraduate/Graduate-Doctorate","Mixed","Professions-focused","Large","Residential","Doctorate","Classified","N/A"
231174,"University of Vermont","Burlington","VT","Public","Mixed Undergraduate/Graduate-Doctorate Medium","Lower Access, Medium Earnings","Research 1: Very High Research Spending and Doctorate Production","Undergraduate/Graduate-Doctorate","Mixed","Professions-focused","Medium","Highly residential","Doctorate","Classified","N/A"
234076,"University of Virginia-Main Campus","Charlottesville","VA","Public","Mixed Undergraduate/Graduate-Doctorate Large","Lower Access, Higher Earnings","Research 1: Very High Research Spending and Doctorate Production","Undergraduate/Graduate-Doctorate","Mixed","Professions-focused","Large","Primarily residential","Doctorate","N/A","N/A"
236948,"University of Washington-Seattle Campus","Seattle","WA","Public","Mixed Undergraduate/Graduate-Doctorate Large","Lower Access, Higher Earnings","Research 1: Very High Research Spending and Doctorate Production","Undergraduate/Graduate-Doctorate","Mixed","Professions-focused","Very Large","Primarily residential","Doctorate","Classified","N/A"
240444,"University of Wisconsin-Madison","Madison","WI","Public","Mixed Undergraduate/Graduate-Doctorate Large","Lower Access, Higher Earnings","Research 1: Very High Research Spending and Doctorate Production","Undergraduate/Graduate-Doctorate","Mixed","Mixed","Very Large","Primarily residential","Doctorate","Classified","N/A"
240453,"University of Wisconsin-Milwaukee","Milwaukee","WI","Public","Mixed Undergraduate/Graduate-Doctorate Large","Higher Access, Medium Earnings","Research 1: Very High Research Spending and Doctorate Production","Undergraduate/Graduate-Doctorate","Mixed","Professions-focused","Large","Residential","Doctorate","Classified","N/A"
240727,"University of Wyoming","Laramie","WY","Public","Mixed Undergraduate/Graduate-Doctorate Medium","Lower Access, Medium Earnings","Research 1: Very High Research Spending and Doctorate Production","Undergraduate/Graduate-Doctorate","Mixed","Professions-focused","Medium","Residential","Doctorate","Classified","N/A"
230728,"Utah State University","Logan","UT","Public","Mixed Undergraduate/Graduate-Doctorate Large","Lower Access, Medium Earnings","Research 1: Very High Research Spending and Doctorate Production","Undergraduate/Graduate-Doctorate","Mixed","Professions-focused","Large","Residential","Doctorate","Classified","N/A"
221999,"Vanderbilt University","Nashville","TN","Private not-for-profit","Mixed Undergraduate/Graduate-Doctorate Medium","Lower Access, Higher Earnings","Research 1: Very High Research Spending and Doctorate Production","Undergraduate/Graduate-Doctorate","Mixed","Professions-focused","Medium","Highly residential","Doctorate","N/A","N/A"
234030,"Virginia Commonwealth University","Richmond","VA","Public","Mixed Undergraduate/Graduate-Doctorate Large","Higher Access, Medium Earnings","Research 1: Very High Research Spending and Doctorate Production","Undergraduate/Graduate-Doctorate","Mixed","Professions-focused","Large","Primarily residential","Doctorate","Classified","N/A"
233921,"Virginia Polytechnic Institute and State University","Blacksburg","VA","Public","Mixed Undergraduate/Graduate-Doctorate Large","Lower Access, Higher Earnings","Research 1: Very High Research Spending and Doctorate Production","Undergraduate/Graduate-Doctorate","Mixed","Mixed","Large","Primarily residential","Doctorate","Classified","N/A"
236939,"Washington State University","Pullman","WA","Public","Mixed Undergraduate/Graduate-Doctorate Large","Higher Access, Medium Earnings","Research 1: Very High Research Spending and Doctorate Production","Undergraduate/Graduate-Doctorate","Mixed","Professions-focused","Large","Primarily residential","Doctorate","Classified","N/A"
179867,"Washington University in St Louis","Saint Louis","MO","Private not-for-profit","Mixed Undergraduate/Graduate-Doctorate Medium","Lower Access, Higher Earnings","Research 1: Very High Research Spending and Doctorate Production","Undergraduate/Graduate-Doctorate","Mixed","Professions-focused","Medium","Highly residential","Doctorate","N/A","N/A"
172644,"Wayne State University","Detroit","MI","Public","Professions-focused Undergraduate/Graduate-Doctorate Large","Higher Access, Medium Earnings","Research 1: Very High Research Spending and Doctorate Production","Undergraduate/Graduate-Doctorate","Professions-focused","Professions-focused","Large","Residential","Doctorate","Classified","N/A"
190424,"Weill Medical College of Cornell University","New York","NY","Private not-for-profit","Special Focus: Medical Schools and Centers","Not Classified","Research 1: Very High Research Spending and Doctorate Production","Graduate-focused","Special Focus: Medical Schools and Centers","Special Focus: Medical Schools and Centers","Small","Primarily online","Doctorate","N/A","N/A"
238032,"West Virginia University","Morgantown","WV","Public","Mixed Undergraduate/Graduate-Doctorate Large","Lower Access, Medium Earnings","Research 1: Very High Research Spending and Doctorate Production","Undergraduate/Graduate-Doctorate","Mixed","Professions-focused","Large","Primarily residential","Doctorate","Classified","N/A"
231624,"William & Mary","Williamsburg","VA","Public","Mixed Undergraduate/Graduate-Doctorate Medium","Lower Access, Higher Earnings","Research 1: Very High Research Spending and Doctorate Production","Undergraduate/Graduate-Doctorate","Mixed","Professions-focused","Medium","Highly residential","Doctorate","Classified","N/A"
168421,"Worcester Polytechnic Institute","Worcester","MA","Private not-for-profit","Special Focus: Technology, Engineering, and Sciences","Lower Access, Higher Earnings","Research 1: Very High Research Spending and Doctorate Production","Undergraduate/Graduate-Doctorate","Special Focus: Technology, Engineering, and Sciences","Special Focus: Technology, Engineering, and Sciences","Medium","Primarily residential","Doctorate","N/A","N/A"
130794,"Yale University","New Haven","CT","Private not-for-profit","Mixed Undergraduate/Graduate-Doctorate Medium","Lower Access, Higher Earnings","Research 1: Very High Research Spending and Doctorate Production","Undergraduate/Graduate-Doctorate","Mixed","Mixed","Medium","Highly residential","Doctorate","N/A","N/A"
